Site Name,URL,Primary Focus,Guest/Contributor Status
Marketing Dive,https://www.marketingdive.com,"Industry trends, advertising, marketing strategy",⚠️ Invite-only/Editor pitch
Search Engine Journal,https://www.searchenginejournal.com,"SEO, search marketing, content strategy",✅ Accepts contributed posts (editorial guidelines)
MarTech.org,https://martech.org,"Marketing technology, automation, analytics",⚠️ Selective contributors
Adweek,https://www.adweek.com,"Advertising, brand campaigns, media insights",❌ No public guest posts
HubSpot Blog,https://blog.hubspot.com,"Inbound marketing, sales enablement, automation",❌ House editorial (guest posts rare)
Content Marketing Institute,https://contentmarketinginstitute.com,"Content creation, storytelling, B2B marketing",⚠️ Invite/approved contributors
Neil Patel Blog,https://neilpatel.com/blog/,"SEO, content marketing, growth hacking",❌ No guest posts
Social Media Examiner,https://www.socialmediaexaminer.com,"Social media marketing, influencer trends",⚠️ Select contributors only
Marketing Land,https://marketingland.com,"Digital marketing, search, mobile, analytics",❌ Merged/archived (use Search Engine Land)
Search Engine Land,https://searchengineland.com,"SEO, PPC, search engine news",✅ Contributed columns (strict guidelines)
Campaign US,https://www.campaignlive.com/us,"Advertising, brand campaigns, media industry",⚠️ Editor-pitched features
Marketing Week,https://www.marketingweek.com,"Marketing leadership, branding, innovation",⚠️ Editor commission/invite
Econsultancy,https://econsultancy.com,"Digital transformation, ecommerce, analytics",⚠️ Invite/partner content
Sprout Social Insights,https://sproutsocial.com/insights/,"Social media management, engagement metrics",❌ House editorial
Convince & Convert,https://www.convinceandconvert.com,"Content strategy, customer experience, B2B marketing",⚠️ Limited contributors
Kissmetrics Blog,https://blog.kissmetrics.io,"Analytics, conversion optimization, behavioral marketing",❌ Largely archived
ClickZ,https://www.clickz.com,"Digital advertising, martech, campaign strategy",⚠️ Invite-only/industry contributors
Moz Blog,https://moz.com/blog,"SEO best practices, link building, search trends",✅ Community/guest posts (reviewed)
WordStream Blog,https://www.wordstream.com/blog,"PPC, paid media, SEM insights",❌ House editorial
Search Engine Watch,https://www.searchenginewatch.com,"Search optimization, PPC, analytics",⚠️ Limited contributors
MarketingProfs,https://www.marketingprofs.com,"Marketing education, training, and B2B insights",✅ Accepts contributed articles
Chief Marketer,https://www.chiefmarketer.com,"Lead generation, event marketing, email campaigns",⚠️ Invite/partner content
Demand Gen Report,https://www.demandgenreport.com,"B2B demand generation, lead nurturing",⚠️ Select contributors
PR Daily,https://www.prdaily.com,"Public relations, media relations, brand reputation",✅ Contributor submissions (guidelines)
Branding Strategy Insider,https://www.brandingstrategyinsider.com,"Brand strategy, positioning, identity",⚠️ Invite-only
Business 2 Community,https://www.business2community.com,"Contributed marketing, business news",✅ Open contributor platform (editorial review)
SmartBrief (Media/Marketing),https://www.smartbrief.com/industry/media,"Newsletter curation, media/marketing news",❌ Curation only
The Drum,https://www.thedrum.com,"Creative advertising, digital media, brand innovation",⚠️ Select contributors/paid memberships
Forrester Marketing Blog,https://go.forrester.com/blogs/category/marketing,"Market research, customer insights",❌ Analyst-only
McKinsey Marketing & Sales,https://www.mckinsey.com/business-functions/growth-marketing-and-sales,"Strategy, analytics, customer experience",❌ Partner/analyst-only
Feedly,https://feedly.com,Digital Marketing,❌ Curation only
News Now US,https://www.newsnow.com/us/,Digital Marketing,❌ Curation only
Reddit,https://www.reddit.com/r/Affiliatemarketing/new/,Digital Marketing,❌ Curation only
Reddit2,https://www.reddit.com/r/digital_marketing/,Digital Marketing,❌ Curation only